{
  "Temperature[C]": {
    "count": 31315.0,
    "mean": 11.342160577997767,
    "std": 16.616048597031615,
    "min": -22.01,
    "25%": -4.195,
    "50%": 13.52,
    "75%": 21.078,
    "max": 58.9875
  },
  "Humidity[%]": {
    "count": 31315.0,
    "mean": 50.01235462238543,
    "std": 4.691683637260743,
    "min": 39.165000000000006,
    "25%": 47.64,
    "50%": 50.33,
    "75%": 53.29,
    "max": 61.765
  },
  "TVOC[ppb]": {
    "count": 31315.0,
    "mean": 767.0018521475331,
    "std": 670.4214404993486,
    "min": 0.0,
    "25%": 122.0,
    "50%": 973.0,
    "75%": 1187.0,
    "max": 2784.5
  },
  "eCO2[ppm]": {
    "count": 31315.0,
    "mean": 420.90771195912504,
    "std": 31.195745411208456,
    "min": 400.0,
    "25%": 400.0,
    "50%": 400.0,
    "75%": 432.0,
    "max": 480.0
  },
  "Raw H2": {
    "count": 31315.0,
    "mean": 12954.56880089414,
    "std": 191.64433301670624,
    "min": 12407.0,
    "25%": 12827.0,
    "50%": 12921.0,
    "75%": 13107.0,
    "max": 13527.0
  },
  "Raw Ethanol": {
    "count": 31315.0,
    "mean": 19770.512278460803,
    "std": 478.6541881497864,
    "min": 18490.0,
    "25%": 19435.0,
    "50%": 19504.0,
    "75%": 20065.0,
    "max": 21010.0
  },
  "Pressure[hPa]": {
    "count": 31315.0,
    "mean": 938.8386194794825,
    "std": 0.7331062178584494,
    "min": 937.4915000000001,
    "25%": 938.705,
    "50%": 938.836,
    "75%": 939.514,
    "max": 939.861
  },
  "PM1.0": {
    "count": 31315.0,
    "mean": 1.6184018840811112,
    "std": 0.7362162189084589,
    "min": 0.0,
    "25%": 1.13,
    "50%": 1.8,
    "75%": 2.08,
    "max": 3.5050000000000003
  },
  "PM2.5": {
    "count": 31315.0,
    "mean": 1.6858195752834106,
    "std": 0.7597672449805443,
    "min": 0.0,
    "25%": 1.2,
    "50%": 1.87,
    "75%": 2.17,
    "max": 3.625
  },
  "NC0.5": {
    "count": 31315.0,
    "mean": 11.128159348555005,
    "std": 5.088817489812406,
    "min": 0.0,
    "25%": 7.8,
    "50%": 12.39,
    "75%": 14.34,
    "max": 24.15
  },
  "NC1.0": {
    "count": 31315.0,
    "mean": 1.7417971259779659,
    "std": 0.7835986376577283,
    "min": 0.0,
    "25%": 1.245,
    "50%": 1.933,
    "75%": 2.237,
    "max": 3.725
  },
  "NC2.5": {
    "count": 31315.0,
    "mean": 0.04044633562190644,
    "std": 0.016889550023999354,
    "min": 0.006000000000000009,
    "25%": 0.033,
    "50%": 0.044,
    "75%": 0.051,
    "max": 0.07799999999999999
  },
  "Fire Alarm": {
    "count": 31315.0,
    "mean": 0.6967268082388631,
    "std": 0.4596795738933833,
    "min": 0.0,
    "25%": 0.0,
    "50%": 1.0,
    "75%": 1.0,
    "max": 1.0
  }
}