{
  "Temperature[C]": {
    "count": 31315.0,
    "mean": 21.88557084464314,
    "std": 5.851067032933949,
    "min": 8.954999999999997,
    "25%": 19.2,
    "50%": 24.31,
    "75%": 26.03,
    "max": 36.275000000000006
  },
  "Humidity[%]": {
    "count": 31315.0,
    "mean": 49.52772281654159,
    "std": 5.107849705018556,
    "min": 38.76500000000001,
    "25%": 47.42,
    "50%": 49.96,
    "75%": 53.19,
    "max": 61.84499999999999
  },
  "TVOC[ppb]": {
    "count": 31315.0,
    "mean": 779.5409867475651,
    "std": 668.622353790031,
    "min": 0.0,
    "25%": 138.0,
    "50%": 988.0,
    "75%": 1191.0,
    "max": 2770.5
  },
  "eCO2[ppm]": {
    "count": 31315.0,
    "mean": 431.29996806642185,
    "std": 46.687585754672796,
    "min": 400.0,
    "25%": 400.0,
    "50%": 401.0,
    "75%": 447.0,
    "max": 517.5
  },
  "Raw H2": {
    "count": 31315.0,
    "mean": 12959.649528979722,
    "std": 194.05719294319732,
    "min": 12417.5,
    "25%": 12833.0,
    "50%": 12926.0,
    "75%": 13110.0,
    "max": 13525.5
  },
  "Raw Ethanol": {
    "count": 31315.0,
    "mean": 19785.577167491618,
    "std": 500.1862777095935,
    "min": 18449.5,
    "25%": 19435.0,
    "50%": 19498.0,
    "75%": 20092.0,
    "max": 21077.5
  },
  "Pressure[hPa]": {
    "count": 31315.0,
    "mean": 938.7962142743094,
    "std": 0.6794634096077162,
    "min": 937.6945000000002,
    "25%": 938.695,
    "50%": 938.801,
    "75%": 939.362,
    "max": 939.861
  },
  "PM1.0": {
    "count": 31315.0,
    "mean": 1.6835599552929905,
    "std": 0.6963811415653803,
    "min": 0.23500000000000054,
    "25%": 1.36,
    "50%": 1.82,
    "75%": 2.11,
    "max": 3.2349999999999994
  },
  "PM2.5": {
    "count": 31315.0,
    "mean": 1.7491968705093404,
    "std": 0.7216014710756085,
    "min": 0.2649999999999999,
    "25%": 1.42,
    "50%": 1.89,
    "75%": 2.19,
    "max": 3.3449999999999998
  },
  "NC0.5": {
    "count": 31315.0,
    "mean": 11.584780137314386,
    "std": 4.781378375136967,
    "min": 1.7150000000000016,
    "25%": 9.38,
    "50%": 12.52,
    "75%": 14.49,
    "max": 22.155
  },
  "NC1.0": {
    "count": 31315.0,
    "mean": 1.806920038320294,
    "std": 0.7459558636625493,
    "min": 0.266,
    "25%": 1.463,
    "50%": 1.952,
    "75%": 2.261,
    "max": 3.458
  },
  "NC2.5": {
    "count": 31315.0,
    "mean": 0.04083132684017244,
    "std": 0.01686192804430906,
    "min": 0.006000000000000009,
    "25%": 0.033,
    "50%": 0.044,
    "75%": 0.051,
    "max": 0.07799999999999999
  },
  "Fire Alarm": {
    "count": 31315.0,
    "mean": 0.7325243493533451,
    "std": 0.442649617622203,
    "min": 0.0,
    "25%": 0.0,
    "50%": 1.0,
    "75%": 1.0,
    "max": 1.0
  }
}