{
  "Temperature[C]": {
    "count": 31315.0,
    "mean": 20.59774829953696,
    "std": 9.663994004869041,
    "min": -22.01,
    "25%": 19.2,
    "50%": 24.31,
    "75%": 26.03,
    "max": 41.41
  },
  "Humidity[%]": {
    "count": 31315.0,
    "mean": 47.98851540795145,
    "std": 9.646245951299937,
    "min": 10.74,
    "25%": 47.42,
    "50%": 49.96,
    "75%": 53.19,
    "max": 75.2
  },
  "TVOC[ppb]": {
    "count": 31315.0,
    "mean": 1952.701836180744,
    "std": 7813.795013829085,
    "min": 0.0,
    "25%": 138.0,
    "50%": 988.0,
    "75%": 1191.0,
    "max": 60000.0
  },
  "eCO2[ppm]": {
    "count": 31315.0,
    "mean": 742.3040076640588,
    "std": 2182.603059120527,
    "min": 400.0,
    "25%": 400.0,
    "50%": 401.0,
    "75%": 447.0,
    "max": 60000.0
  },
  "Raw H2": {
    "count": 31315.0,
    "mean": 12942.910426313269,
    "std": 279.94548254750396,
    "min": 10668.0,
    "25%": 12833.0,
    "50%": 12926.0,
    "75%": 13110.0,
    "max": 13803.0
  },
  "Raw Ethanol": {
    "count": 31315.0,
    "mean": 19761.454510617914,
    "std": 617.0695352978299,
    "min": 15317.0,
    "25%": 19435.0,
    "50%": 19498.0,
    "75%": 20092.0,
    "max": 21410.0
  },
  "Pressure[hPa]": {
    "count": 31315.0,
    "mean": 938.4650364042791,
    "std": 1.6729378839970979,
    "min": 930.852,
    "25%": 938.695,
    "50%": 938.801,
    "75%": 939.362,
    "max": 939.861
  },
  "PM1.0": {
    "count": 31315.0,
    "mean": 125.22062302410986,
    "std": 1046.703098602852,
    "min": 0.08,
    "25%": 1.36,
    "50%": 1.82,
    "75%": 2.11,
    "max": 14333.69
  },
  "PM2.5": {
    "count": 31315.0,
    "mean": 239.25575411144817,
    "std": 2341.1975161226605,
    "min": 0.08,
    "25%": 1.42,
    "50%": 1.89,
    "75%": 2.19,
    "max": 45432.26
  },
  "NC0.5": {
    "count": 31315.0,
    "mean": 587.584963436053,
    "std": 4625.531021279654,
    "min": 0.56,
    "25%": 9.38,
    "50%": 12.52,
    "75%": 14.49,
    "max": 61482.03
  },
  "NC1.0": {
    "count": 31315.0,
    "mean": 264.94185680983554,
    "std": 2630.8027499349514,
    "min": 0.087,
    "25%": 1.463,
    "50%": 1.952,
    "75%": 2.261,
    "max": 51914.68
  },
  "NC2.5": {
    "count": 31315.0,
    "mean": 108.992260482197,
    "std": 1319.8858418432483,
    "min": 0.002,
    "25%": 0.033,
    "50%": 0.044,
    "75%": 0.051,
    "max": 30026.438
  },
  "Fire Alarm": {
    "count": 31315.0,
    "mean": 0.7325243493533451,
    "std": 0.442649617622203,
    "min": 0.0,
    "25%": 0.0,
    "50%": 1.0,
    "75%": 1.0,
    "max": 1.0
  }
}