{
  "Temperature[C]": {
    "count": 31315.0,
    "mean": 11.343098866357975,
    "std": 16.618755176900205,
    "min": -22.01,
    "25%": -4.195,
    "50%": 13.52,
    "75%": 21.078,
    "max": 59.93
  },
  "Humidity[%]": {
    "count": 31315.0,
    "mean": 49.09048347437329,
    "std": 7.9708675819078385,
    "min": 10.74,
    "25%": 47.64,
    "50%": 50.33,
    "75%": 53.29,
    "max": 75.2
  },
  "TVOC[ppb]": {
    "count": 31315.0,
    "mean": 1931.4132205013573,
    "std": 7809.492729438843,
    "min": 0.0,
    "25%": 122.0,
    "50%": 973.0,
    "75%": 1187.0,
    "max": 60000.0
  },
  "eCO2[ppm]": {
    "count": 31315.0,
    "mean": 597.7380807919527,
    "std": 1578.197869113633,
    "min": 400.0,
    "25%": 400.0,
    "50%": 400.0,
    "75%": 432.0,
    "max": 39185.0
  },
  "Raw H2": {
    "count": 31315.0,
    "mean": 12941.997445313747,
    "std": 264.7755200123616,
    "min": 10668.0,
    "25%": 12827.0,
    "50%": 12921.0,
    "75%": 13107.0,
    "max": 13803.0
  },
  "Raw Ethanol": {
    "count": 31315.0,
    "mean": 19747.06131247006,
    "std": 601.7857118020028,
    "min": 15317.0,
    "25%": 19435.0,
    "50%": 19504.0,
    "75%": 20065.0,
    "max": 21410.0
  },
  "Pressure[hPa]": {
    "count": 31315.0,
    "mean": 938.7902625259459,
    "std": 0.8327059238471195,
    "min": 936.624,
    "25%": 938.705,
    "50%": 938.836,
    "75%": 939.514,
    "max": 939.861
  },
  "PM1.0": {
    "count": 31315.0,
    "mean": 75.96799520996326,
    "std": 778.0288012918679,
    "min": 0.0,
    "25%": 1.13,
    "50%": 1.8,
    "75%": 2.08,
    "max": 13346.69
  },
  "PM2.5": {
    "count": 31315.0,
    "mean": 129.67978636436214,
    "std": 1524.6255436840174,
    "min": 0.0,
    "25%": 1.2,
    "50%": 1.87,
    "75%": 2.17,
    "max": 41262.98
  },
  "NC0.5": {
    "count": 31315.0,
    "mean": 395.3422519559318,
    "std": 3870.1804160360575,
    "min": 0.0,
    "25%": 7.8,
    "50%": 12.39,
    "75%": 14.34,
    "max": 61482.03
  },
  "NC1.0": {
    "count": 31315.0,
    "mean": 142.23111818617275,
    "std": 1697.5388268973174,
    "min": 0.0,
    "25%": 1.245,
    "50%": 1.933,
    "75%": 2.237,
    "max": 47089.598
  },
  "NC2.5": {
    "count": 31315.0,
    "mean": 51.10582417371866,
    "std": 776.9823942059278,
    "min": 0.0,
    "25%": 0.033,
    "50%": 0.044,
    "75%": 0.051,
    "max": 26916.836
  },
  "Fire Alarm": {
    "count": 31315.0,
    "mean": 0.6967268082388631,
    "std": 0.4596795738933833,
    "min": 0.0,
    "25%": 0.0,
    "50%": 1.0,
    "75%": 1.0,
    "max": 1.0
  }
}